,Column 1,Column 2,Column 3,Column 4,Column 5
Column 1,1,,,,
Column 2,0.427223031,1,,,
Column 3,-0.890947781,-0.438583372,1,,
Column 4,-0.932871496,-0.417287789,0.844079742,1,
Column 5,0.964666928,0.410231297,-0.858152043,-0.921771433,1
